,model,batch_size,learning_rate,epoch,neurons,mse_all,mse_all2,mse1,mse2,mse3,mse4,mse5,mse6,mse7,mse8,mse9,mse10,mse11,mse12,mse13,mse14,mse15,mse16,mse17,mse18,mse19,mse20,mse21,mse22,mse23,mse24
0,0.0,200.0,0.01,25.0,128.0,0.08702164512773476,0.013919336331814053,0.0025155200003292967,0.0057130067186144,0.009807177164945332,0.006508951743135281,0.008119842402155072,0.01666626534545293,0.024358874781253984,0.03855495565690153,0.015141283579699372,0.02112922745902118,0.009373441490750903,0.015032174280394111,0.011161175983801763,0.0197031665653971,0.01318002366882956,0.0168987824308796,0.013996248178515205,0.014513868497965769,0.018946545576251365,0.015279184056978576,0.009050136152132477,0.012281049282242539,0.009096170793168941,0.007037000154720958
