,training_loss,validation_loss
0,0.04789133742451668,0.023636402562260628
