,model,batch_size,learning_rate,epoch,neurons,mse_all,mse1,mse2,mse3,mse4,mse5,mse6,mse7,mse8,mse9,mse10,mse11,mse12,mse13,mse14,mse15,mse16,mse17,mse18,mse19,mse20,mse21,mse22,mse23,mse24
18,18.0,100.0,0.0001,25.0,128.0,0.10750596931070328,0.005787407762404884,0.0047938354749658485,0.004533162333947217,0.004339604373853269,0.01037980947880362,0.0371040831848998,0.036749229052775875,0.019966157431036552,0.03042212408679458,0.03465958063540473,0.017158301212677713,0.012863234525040167,0.011093413798084385,0.0228880638898319,0.020931748754399522,0.017079709041374357,0.015742604106966946,0.01502959540070921,0.011633039535387028,0.03066635851129306,0.020334067872269303,0.02902610040374602,0.007639200442576645,0.008069777908307341
