,model,batch_size,learning_rate,epoch,neurons,mse_all,mse1,mse2,mse3,mse4,mse5,mse6,mse7,mse8,mse9,mse10,mse11,mse12,mse13,mse14,mse15,mse16,mse17,mse18,mse19,mse20,mse21,mse22,mse23,mse24
13,13.0,200.0,0.001,25.0,64.0,0.03227507563908611,0.0016889849496635613,0.003237131168023099,0.001531840092518421,0.0011774264726285713,0.0027753153650814937,0.0035514413808765016,0.003391027211289242,0.001423075239687669,0.0015077188856388304,0.0015014923597253054,0.001477319583687055,0.0021659638224393934,0.0031526456676487617,0.00208407983637588,0.006254119446489597,0.007017331448873781,0.002904922598472217,0.0027604995032150734,0.003908961755861728,0.006362475852642254,0.005065745928550131,0.004038617928201521,0.002519218852446103,0.003088227550081422
