,model,batch_size,learning_rate,epoch,neurons,mse_all,mse_all2,mse1,mse2,mse3,mse4,mse5,mse6,mse7,mse8,mse9,mse10,mse11,mse12,mse13,mse14,mse15,mse16,mse17,mse18,mse19,mse20,mse21,mse22,mse23,mse24
7,7.0,200.0,0.001,25.0,64.0,0.1019154453407148,0.01608283412353645,0.00558900069146038,0.006193740719653909,0.004630021752342741,0.007110661073435312,0.008552965924573353,0.03163183505023062,0.020748169207287576,0.021825664899743868,0.01654761401691543,0.030686466231824635,0.013538188205966941,0.017387032850837744,0.015128034283005125,0.022687319654993897,0.015436509414641211,0.017745519064374642,0.015505366532556124,0.012158716023853022,0.012244016676170035,0.03550079912227146,0.023485276237952168,0.017150510111630855,0.007131080361502032,0.007373510857651672
