,model,batch_size,learning_rate,epoch,neurons,mse_all,mse_all2,mse1,mse2,mse3,mse4,mse5,mse6,mse7,mse8,mse9,mse10,mse11,mse12,mse13,mse14,mse15,mse16,mse17,mse18,mse19,mse20,mse21,mse22,mse23,mse24
4,4.0,1000.0,0.001,1.0,64.0,0.4394229781556709,0.27654876613563545,0.060320336419718235,0.08533068542773561,0.31338778037805665,0.06989719405250316,0.06967308849138874,0.37162349922949367,0.03204991185861806,0.16525812262340087,0.16957869668997835,0.3032557235540925,0.25210956440194104,0.1314453028976267,0.16617956718733928,1.0728258494680831,0.39849453123234746,0.1384526564816475,0.0357163664919522,0.5682870304300601,0.31874587659460407,0.041914649878137,0.47619346589208666,0.6155412970610242,0.0284348850731814,0.7524543054402347
