,model,batch_size,learning_rate,epoch,neurons,mse_all,mse1,mse2,mse3,mse4,mse5,mse6,mse7,mse8,mse9,mse10,mse11,mse12,mse13,mse14,mse15,mse16,mse17,mse18,mse19,mse20,mse21,mse22,mse23,mse24
8,8.0,300.0,0.01,25.0,32.0,0.041799644724443495,0.0021411772093418856,0.001321221761092438,0.0017437241567139234,0.0010568034091406908,0.002078326106526546,0.010129847287752762,0.00581344276346723,0.002650301533724847,0.0011928803353212438,0.00474561503544028,0.0023931931045158834,0.0020412404625474168,0.0028357089557998465,0.0025029026080266438,0.003769896581281725,0.003867696875016658,0.01262712708107958,0.003577251266338713,0.004314325562192872,0.007139973487694652,0.006730893695925793,0.008266431313649349,0.004194327319307164,0.0028750753618251457
