,model,batch_size,learning_rate,epoch,neurons,mse_all,mse_all2,mse1,mse2,mse3,mse4,mse5,mse6,mse7,mse8,mse9,mse10,mse11,mse12,mse13,mse14,mse15,mse16,mse17,mse18,mse19,mse20,mse21,mse22,mse23,mse24
1,1.0,1000.0,0.01,1.0,64.0,0.2644587623370354,0.104710184466135,0.022900853651260752,0.04542836560610419,0.10844620964666386,0.04528381625956221,0.05903472168633978,0.016838296405045444,0.0444468684564338,0.3281554959698489,0.13958824990902663,0.3757875761842413,0.15282646667309785,0.06590923430579242,0.048371594999761965,0.09131360998229894,0.14847891568104407,0.15432420107409653,0.12229400585958768,0.13652776469465996,0.04187514439067385,0.020219250189002776,0.08906518946165372,0.05156909008129948,0.03878493942246961,0.16557456659727432
