,model,batch_size,learning_rate,epoch,neurons,mse_all,mse1,mse2,mse3,mse4,mse5,mse6,mse7,mse8,mse9,mse10,mse11,mse12,mse13,mse14,mse15,mse16,mse17,mse18,mse19,mse20,mse21,mse22,mse23,mse24
4,4.0,200.0,0.01,25.0,64.0,0.02855131074991384,0.001066455684783544,0.00128107819807487,0.0011533204934912743,0.0011418827267461662,0.0020991396968689604,0.003584147021762979,0.0036353901123298447,0.0016068336405376255,0.0014208268760155867,0.0013321758941856822,0.0013770096118594327,0.0016951445689401732,0.0018733107385156007,0.0028403421838842785,0.0037435613283164004,0.004074405827141977,0.003139099826524194,0.002696026810474541,0.00396708885826563,0.0065912059111239985,0.006153634270566365,0.004295351095913495,0.0028190291459337363,0.0026360431630078405
