,training_loss,validation_loss
0,0.03923681750893593,0.026653995737433434
