,model,batch_size,learning_rate,epoch,neurons,mse_all,mse_all2,mse1,mse2,mse3,mse4,mse5,mse6,mse7,mse8,mse9,mse10,mse11,mse12,mse13,mse14,mse15,mse16,mse17,mse18,mse19,mse20,mse21,mse22,mse23,mse24
2,2.0,1000.0,0.01,1.0,32.0,0.33404223015971984,0.15095694737557833,0.11543084401808199,0.12840383063323174,0.22860841346841354,0.08969432079174516,0.20356919263337972,0.01831160378324333,0.06330049151846043,0.17824104126246762,0.26042670784454486,0.4323637419664675,0.11279101599931414,0.19117823551251514,0.12037357000904103,0.15915551016978782,0.2583654697344795,0.2580267227850295,0.22031566652495468,0.1446997587799929,0.04261564123778956,0.09573135907211043,0.026428119706545523,0.013867189466320052,0.09747622095664933,0.16359206913931482
