,training_loss,validation_loss
0,0.12340766191482544,0.04796832799911499
