,model,batch_size,learning_rate,epoch,neurons,mse_all,mse_all2,mse1,mse2,mse3,mse4,mse5,mse6,mse7,mse8,mse9,mse10,mse11,mse12,mse13,mse14,mse15,mse16,mse17,mse18,mse19,mse20,mse21,mse22,mse23,mse24
1,1.0,200.0,0.01,25.0,64.0,0.09425561210172766,0.017307254696959106,0.0021539985625754084,0.010782040223841416,0.01962907068112497,0.025161217221027658,0.0121291906062642,0.0036209879119465838,0.00463614452346199,0.03630410433716351,0.021845961854217603,0.019101809472930022,0.019764544109139463,0.02821192845726712,0.020281797989481584,0.030063509931947657,0.028044937602572224,0.022371539431741833,0.027871972818250157,0.0320686976615862,0.012011275285638364,0.008198173720379393,0.008813009904235806,0.008514022875296146,0.007094790489762379,0.006699387055166856
