,model,batch_size,learning_rate,epoch,neurons,mse_all,mse1,mse2,mse3,mse4,mse5,mse6,mse7,mse8,mse9,mse10,mse11,mse12,mse13,mse14,mse15,mse16,mse17,mse18,mse19,mse20,mse21,mse22,mse23,mse24
9,9.0,100.0,0.001,25.0,128.0,0.12102254234976907,0.026216065228463804,0.011134002416736455,0.042364178555513145,0.012725084866110788,0.005769964280525342,0.0044684623897780565,0.007437761036743928,0.04131217780575113,0.04819865964410921,0.05687189536560972,0.038705035065268956,0.035845009818427254,0.02215849033979235,0.0397646503486769,0.036036505963415906,0.031000736250228936,0.042003110925249894,0.035043676037314724,0.01937878070930804,0.009420568615945164,0.016914689324731072,0.009713491552655886,0.009508937528642996,0.013176259632395593
