,model,batch_size,learning_rate,epoch,neurons,mse_all,mse1,mse2,mse3,mse4,mse5,mse6,mse7,mse8,mse9,mse10,mse11,mse12,mse13,mse14,mse15,mse16,mse17,mse18,mse19,mse20,mse21,mse22,mse23,mse24
0,0.0,100.0,0.01,25.0,128.0,0.06479742443141788,0.0020835054750279153,0.00921015497500062,0.004802214610336308,0.004609193396598584,0.004591003524508473,0.005267044589736974,0.006832784401807531,0.013522629140112688,0.009733511837861992,0.012298017585246129,0.014108435607888575,0.024351246938661062,0.01033095136326371,0.010947691287658162,0.01310157015029912,0.016587370350174612,0.01963047066343763,0.01316212747218627,0.01030079954140232,0.009185965892565432,0.00918114472084821,0.008668485679570613,0.007674864279352348,0.005869095952717761
