,model,batch_size,learning_rate,epoch,neurons,mse_all,mse1,mse2,mse3,mse4,mse5,mse6,mse7,mse8,mse9,mse10,mse11,mse12,mse13,mse14,mse15,mse16,mse17,mse18,mse19,mse20,mse21,mse22,mse23,mse24
1,1.0,200.0,0.01,25.0,64.0,0.12344173670287635,0.006295179438204228,0.01468863508082123,0.025835528389930012,0.01309701481585575,0.013315823657529645,0.0031318329723288925,0.004716088168208049,0.05372826412265679,0.07088833924629424,0.07231243283898478,0.04739797585837791,0.06397379383954196,0.0702126407624188,0.04829057351389109,0.03595391875185178,0.035242543849358564,0.028385847092395264,0.050457245206057266,0.013880804116938966,0.007826229644184574,0.010213843353190364,0.006109814821081954,0.008790203788964989,0.006771600757857884
