,model,batch_size,learning_rate,epoch,neurons,mse_all,mse1,mse2,mse3,mse4,mse5,mse6,mse7,mse8,mse9,mse10,mse11,mse12,mse13,mse14,mse15,mse16,mse17,mse18,mse19,mse20,mse21,mse22,mse23,mse24
9,9.0,100.0,0.001,25.0,128.0,0.07699931553145921,0.0017338656288657572,0.006741225780357114,0.01106440194253163,0.011857596848087334,0.0033118720010080144,0.004925488415339399,0.0041655507292517,0.015227425475074387,0.015757870370872697,0.026665093973829407,0.012652319525441987,0.01715302813845851,0.01941163166710128,0.03294432370487543,0.01777946518448153,0.017225334166775984,0.02859540994493776,0.01844926468167012,0.009574028667459003,0.007653147943835114,0.010108712125839475,0.006763032340385769,0.006512721557914506,0.0059736701934657455
