,model,batch_size,learning_rate,epoch,neurons,mse_all,mse1,mse2,mse3,mse4,mse5,mse6,mse7,mse8,mse9,mse10,mse11,mse12,mse13,mse14,mse15,mse16,mse17,mse18,mse19,mse20,mse21,mse22,mse23,mse24
1,1.0,100.0,0.01,25.0,64.0,0.029450124735978054,0.0003740586698395876,0.0005858186329327637,0.0007766356888979851,0.0013771554693550348,0.0027976479692857757,0.004619583889526704,0.003819170698374232,0.0017526465958497472,0.0016804294218949899,0.0018383642606823172,0.0017654427156828566,0.0019019558189186769,0.0021759937597491184,0.002541700807449474,0.00437279096539552,0.0036985919281666293,0.0031683594964075673,0.0028821020215519136,0.004366505387830933,0.006538056120609167,0.005715445549751353,0.004277147284689632,0.002877638996122119,0.0029455713161794825
