,model,batch_size,learning_rate,epoch,neurons,mse_all,mse1,mse2,mse3,mse4,mse5,mse6,mse7,mse8,mse9,mse10,mse11,mse12,mse13,mse14,mse15,mse16,mse17,mse18,mse19,mse20,mse21,mse22,mse23,mse24
15,15.0,300.0,0.001,25.0,128.0,0.029339144469854462,0.0014255918957194755,0.0014492994613203236,0.001335816005935544,0.0012995791697013657,0.0025274815183855413,0.00417660727962782,0.003862164766110565,0.0017192489654373141,0.0017152277452973364,0.0015866805192019402,0.0017240168333787574,0.002059441767898548,0.0021801525039420256,0.002757047972971333,0.004110611156763544,0.004041641620868024,0.0035481135709644674,0.0029386816628431027,0.004517815662487583,0.0064157199359435105,0.0059004556036744114,0.004441833118910251,0.002896970121120483,0.002903979051250343
