,model,batch_size,learning_rate,epoch,neurons,mse_all,mse1,mse2,mse3,mse4,mse5,mse6,mse7,mse8,mse9,mse10,mse11,mse12,mse13,mse14,mse15,mse16,mse17,mse18,mse19,mse20,mse21,mse22,mse23,mse24
0,0.0,100.0,0.01,25.0,128.0,0.0513961006075748,0.0017052332416989152,0.003681923795253291,0.004826897260485414,0.0049701385231179784,0.0033826938958139265,0.004271073057219421,0.005636849702668492,0.006877825710289848,0.007637091925458866,0.004997169623849274,0.008339914144547475,0.006870773871050364,0.007542071197318912,0.011061767352527894,0.012050497266306743,0.013340858053113965,0.015196173647318158,0.013051479683098216,0.008225047023297462,0.007387295650774929,0.0072168839260929795,0.006088016204894334,0.00577240298657408,0.005628248173146719
